Episode,Total Reward
0,-16641.600000001912
1,-47332.79999996996
